-- phpMyAdmin SQL Dump
-- version 4.4.15.10
-- https://www.phpmyadmin.net
--
-- Хост: localhost
-- Время создания: Авг 03 2018 г., 13:12
-- Версия сервера: 10.1.32-MariaDB
-- Версия PHP: 7.0.30

SET SQL_MODE = "NO_AUTO_VALUE_ON_ZERO";
SET time_zone = "+00:00";


/*!40101 SET @OLD_CHARACTER_SET_CLIENT=@@CHARACTER_SET_CLIENT */;
/*!40101 SET @OLD_CHARACTER_SET_RESULTS=@@CHARACTER_SET_RESULTS */;
/*!40101 SET @OLD_COLLATION_CONNECTION=@@COLLATION_CONNECTION */;
/*!40101 SET NAMES utf8mb4 */;

--
-- База данных: `db_ef_voip_cdr`
--

-- --------------------------------------------------------

--
-- Структура таблицы `numbers`
--

CREATE TABLE IF NOT EXISTS `numbers` (
  `internal` varchar(10) NOT NULL,
  `tg_number` varchar(20) NOT NULL
) ENGINE=InnoDB DEFAULT CHARSET=utf8;

--
-- Дамп данных таблицы `numbers`
--

INSERT INTO `numbers` (`internal`, `tg_number`) VALUES
('101', '79103117587'),
('102', '380953992603'),
('103', '79207226062'),
('104', '79163021413'),
('105', '380978625222'),
('106', '79160074742'),
('107', '79851487475'),
('108', '380958141858'),
('109', '79513380219'),
('110', '79261587000'),
('111', '79081565326'),
('113', '79262225824'),
('114', '79508701985'),
('115', '79163803709'),
('116', '79191711103'),
('117', '380990443543'),
('118', '79102139718'),
('119', '79611919337'),
('120', '79263758407'),
('121', '380506187417'),
('122', '38095626065'),
('123', '79160962525'),
('124', '380950240225'),
('125', '79170414455'),
('126', '380632818687'),
('127', '380502427054'),
('128', '380975325274'),
('129', '79262365522'),
('131', '380955843007'),
('132', '380997723176'),
('133', '79262077553'),
('134', '79611928840'),
('135', '79102706548'),
('136', '380954643591'),
('137', '380502794003'),
('138', '380971712400'),
('139', '79162788305'),
('140', '380954152032'),
('141', '79202680229'),
('142', '79104708914'),
('143', '79969676395'),
('144', '380977604121'),
('145', '79065751900'),
('146', '380997808551'),
('147', '79266085006'),
('148', '77029799799'),
('151', '79057545959'),
('152', '380985138732'),
('153', '79031059571'),
('154', '380979719157'),
('155', '79149065013'),
('156', '380978595919'),
('158', '380502866927'),
('159', '380665085332'),
('160', '79092360663'),
('161', '79155172477'),
('162', '380997610674'),
('163', '380508566994'),
('164', '380502402017'),
('165', '380995119220'),
('166', '380953592210'),
('174', '79055778541'),
('183', '79260116634'),
('202', '79519084725'),
('203', '79103826540'),
('204', '79200222898'),
('205', '79787279923'),
('207', '380950126820'),
('209', '79159426535'),
('211', '79503723033'),
('212', '79683517004'),
('213', '380955011660'),
('214', '38096727048'),
('221', '79776717616'),
('222', '380958705234'),
('223', '79045282484'),
('224', '79121280570'),
('225', '380992662812'),
('226', '380509075364'),
('230', '79519191220'),
('251', '380994232631'),
('256', '79524951992'),
('257', '380660697227'),
('263', '79202638276'),
('265', '79207184808'),
('268', '79081232364'),
('269', '79606901936'),
('272', '79191304070'),
('295', '79192732694'),
('297', '79103111377'),
('298', '79513182793'),
('311', '380500095828'),
('313', '380666302525'),
('315', '380503075584'),
('316', '380734525121'),
('317', '380669906264'),
('320', '380978055033'),
('321', '380661641773'),
('322', '380951261470'),
('323', '380990487650'),
('324', '380509067851'),
('325', '380955323641'),
('326', '380638128912'),
('327', '79262334172'),
('329', '380507389523'),
('334', '380952546545'),
('335', '380663116226'),
('337', '380992921652'),
('339', '380980057441'),
('343', '380667971580'),
('345', '380669379122'),
('346', '380997783902'),
('347', '380969307569'),
('348', '380994017603'),
('349', '380667188163'),
('355', '79262334196'),
('356', '380992431657'),
('360', '380662450278'),
('363', '380509228444'),
('364', '380951096955'),
('368', '380661475347'),
('369', '380509386121'),
('370', '380661271268'),
('371', '380663927814'),
('372', '380664162680'),
('373', '380667658182'),
('378', '380957218831'),
('381', '380689577711'),
('382', '380958177273'),
('383', '380957393441'),
('388', '380984683059'),
('391', '380669325368'),
('393', '380634851692'),
('401', '380662196830'),
('403', '380665556306'),
('404', '79671393797'),
('406', '380505747938'),
('408', '380506935305'),
('411', '380665640387'),
('412', '380991589816'),
('414', '380665821886'),
('416', '380954341440'),
('417', '380956054525'),
('421', '79262333241'),
('422', '380507464633'),
('427', '380509507046'),
('429', '380661266455'),
('430', '380993469018'),
('434', '380663045024'),
('438', '380667341671'),
('445', '380951377433'),
('447', '380990816222'),
('448', '380999214287'),
('450', '380663360727'),
('451', '380950421176'),
('452', '380950901845'),
('453', '380958831759'),
('454', '380664610862'),
('455', '380990377204'),
('457', '380663686389'),
('458', '380992856911'),
('459', '380663530642'),
('460', '380997664761'),
('461', '380502822655'),
('462', '380661193380'),
('465', '380665096399'),
('467', '380502804390'),
('468', '380955756329'),
('471', '79262333216'),
('472', '380953280064'),
('473', '380997212746'),
('474', '380997082925'),
('478', '380661784553'),
('482', '380953016313'),
('483', '380963520279'),
('484', '380992895942'),
('486', '380996098206'),
('487', '380958634131'),
('488', '380506572467'),
('490', '380960817639'),
('494', '380661361088'),
('495', '380992062109'),
('496', '79262044361'),
('497', '380686551946'),
('503', '380969236464'),
('505', '380664383150'),
('506', '380666623000'),
('507', '380994232631'),
('508', '380990452437'),
('511', '380502217764'),
('513', '380666873896'),
('514', '380666387366'),
('516', '79262333496'),
('518', '380953213832'),
('522', '380994034304'),
('523', '380664712313'),
('529', '380999541012'),
('534', '380994315356'),
('535', '380663699400'),
('536', '380664471759'),
('537', '380994381501'),
('540', '380990638978'),
('541', '79262333191'),
('542', '380507265270'),
('543', '380509733487'),
('544', '380953002656'),
('545', '380662094477'),
('547', '79262334022'),
('548', '380661485102'),
('549', '380666988434'),
('550', '380991049743'),
('551', '380993754124'),
('553', '380991263051'),
('556', '380999539639'),
('558', '380990577868'),
('559', '380954112703'),
('561', '380502097684'),
('567', '380660825213'),
('568', '380992263748'),
('571', '380502123402'),
('573', '380505877548'),
('576', '996550326556'),
('580', '380956396707'),
('581', '380666033276'),
('583', '380952009804'),
('587', '380665279462'),
('588', '380999449786'),
('589', '79524902995'),
('591', '380952089448'),
('592', '380999468934'),
('595', '380966948316'),
('596', '380997954774'),
('597', '380994624029'),
('601', '380995093044'),
('602', '380970363021'),
('603', '79103662987'),
('604', '79032641962'),
('605', '380990769607'),
('606', '380953130172'),
('607', '380507840187'),
('608', '79253060764'),
('610', '380952089135'),
('611', '380502031888'),
('612', '79081296798'),
('613', '380999539317'),
('614', '380999766717'),
('615', '380990255169'),
('616', '380683198550'),
('617', '380996827450'),
('618', '380506029053'),
('619', '380979552503'),
('620', '380999550631'),
('621', '380955494492'),
('622', '380992733969'),
('623', '380950090443'),
('624', '380957612197'),
('625', '380505384353'),
('626', '380665832332'),
('627', '380967957622'),
('628', '380507531220'),
('629', '79522258276'),
('630', '380501545773'),
('631', '380660688621'),
('632', '380990238100'),
('634', '380662397211'),
('635', '380663820500'),
('636', '380952555936'),
('637', '380999147602'),
('639', '380953465383'),
('640', '380666358713'),
('641', '380967044509'),
('642', '380500335834'),
('645', '38050889244'),
('646', '79262334164'),
('647', '380664387751'),
('650', '380999195844'),
('651', '380957815725'),
('654', '380958910129'),
('655', '79090795489'),
('656', '79066923266'),
('657', '79262333504'),
('658', '380995002422'),
('659', '380666124582'),
('660', '380993657965'),
('662', '79771250458'),
('664', '79103135778'),
('665', '380950377820'),
('666', '380976160519'),
('667', '380950253335'),
('668', '380508497833'),
('669', '380639667780'),
('670', '380976194499'),
('671', '380665049383'),
('672', '380668619939'),
('673', '380501340551'),
('674', '79250661777'),
('675', '380666580194'),
('676', '380951386979'),
('677', '380502177497'),
('678', '380958082130'),
('679', '380990192768'),
('680', '380505678054'),
('681', '380502178715'),
('682', '380665705005'),
('683', '380676034103'),
('685', '380959005266'),
('686', '380990439033'),
('687', '380952107279'),
('688', '380668676111'),
('690', '380997086401'),
('692', '380505086090'),
('694', '380664710342'),
('695', '380991909791'),
('696', '380999240499'),
('697', '79262334090'),
('698', '380663417827'),
('699', '380953203922'),
('701', '79192120873'),
('702', '79102718178'),
('703', '380667057277'),
('704', '380951742466'),
('705', '380661310617'),
('706', '380509827875'),
('707', '380952158481'),
('708', '79152804963'),
('709', '79268246483'),
('710', '79513288862'),
('711', '79151851514'),
('712', '79637537140'),
('713', '380951259316'),
('714', '380954104324'),
('716', '380962879698'),
('717', '380957837857'),
('718', '380964221343'),
('719', '79055412828'),
('720', '79175392123'),
('723', '380955897194'),
('725', '380668375184'),
('726', '79155118193'),
('729', '380635812429'),
('731', '380507514161'),
('734', '380663868417'),
('736', '79513362558'),
('740', '380957141934'),
('741', '79611936504'),
('745', '380505007513'),
('746', '380556262957'),
('747', '380951635185'),
('749', '380996089284'),
('751', '79102743769'),
('752', '380662273773'),
('754', '79192185315'),
('756', '79253060820'),
('757', '380506580501'),
('761', '380951007345'),
('762', '79606895474'),
('767', '380668887791'),
('769', '79191358163'),
('771', '79103160257'),
('773', '380661700775'),
('774', '79510744955'),
('776', '380665015722'),
('781', '380667035026'),
('782', '79606873804'),
('783', '380954054093'),
('784', '380958488154'),
('789', '380503077751'),
('790', '79050429738'),
('792', '79513299047'),
('793', '79103113792'),
('795', '380507291266'),
('797', '380666054487'),
('798', '380956083875'),
('801', '79611909161'),
('807', '380950047108'),
('808', '380997219544'),
('811', '380667979021'),
('814', '79038703847'),
('816', '380660070294'),
('841', '380994662123'),
('851', '79510701228'),
('853', '996777276646'),
('854', '79296251305'),
('855', '79262103059'),
('856', '79266730333'),
('858', '79167727465'),
('860', '79150014481'),
('901', '79192129388'),
('902', '79045275670'),
('903', '380993130679'),
('904', '380505455320'),
('906', '380667954101'),
('907', '380995128006'),
('908', '380660866236'),
('909', '380666320773'),
('910', '380990240034'),
('918', '380503070989'),
('919', '380955014757'),
('921', '380993575574'),
('922', '380506457170'),
('924', '380505357069'),
('925', '380999774717'),
('926', '380668382333'),
('927', '380950058485'),
('929', '380509483977'),
('931', '380997834714'),
('932', '380984157730'),
('934', '380956257992'),
('935', '380506204886'),
('936', '380955308614'),
('937', '380995554291'),
('938', '380668976004'),
('939', '380661594049'),
('940', '380509327724'),
('941', '380982825729'),
('942', '380500829718'),
('943', '380994872202'),
('946', '380999338322'),
('952', '380506948959'),
('953', '380664895092'),
('961', '79611972948'),
('963', '79510734994');

-- --------------------------------------------------------

--
-- Структура таблицы `subs`
--

CREATE TABLE IF NOT EXISTS `subs` (
  `uid` bigint(20) unsigned NOT NULL,
  `number` varchar(10) NOT NULL
) ENGINE=InnoDB DEFAULT CHARSET=utf8;

--
-- Дамп данных таблицы `subs`
--

INSERT INTO `subs` (`uid`, `number`) VALUES
(30893259, '422'),
(46516575, '568'),
(70945821, '926'),
(71188292, '135'),
(73603052, '523'),
(77239735, '113'),
(88185748, '360'),
(100471197, '581'),
(104758395, '676'),
(128086583, '503'),
(130943214, '133'),
(133474602, '411'),
(144303055, '929'),
(156736772, '368'),
(159687387, '403'),
(161550030, '429'),
(162776960, '408'),
(171028215, '952'),
(177952832, '110'),
(178125164, '535'),
(179997515, '610'),
(184255876, '316'),
(184268634, '123'),
(185668152, '522'),
(195862704, '434'),
(195900596, '508'),
(200935432, '388'),
(202293661, '311'),
(209954128, '924'),
(214497715, '321'),
(226069540, '404'),
(244253364, '139'),
(248916872, '151'),
(251934028, '320'),
(252911662, '326'),
(276998190, '256'),
(277075965, '378'),
(279707572, '348'),
(288692531, '936'),
(291427189, '624'),
(302146172, '931'),
(329126096, '910'),
(334243378, '561'),
(341350575, '382'),
(341471565, '927'),
(345532983, '603'),
(349915778, '416'),
(363383754, '513'),
(384798978, '595'),
(387419665, '790'),
(398836265, '942'),
(420744418, '946'),
(421916789, '128'),
(421949898, '381'),
(425498251, '141'),
(439184598, '327'),
(440380355, '145'),
(443644230, '925'),
(453464853, '213'),
(458184368, '222'),
(466546370, '335'),
(470357316, '747'),
(478414853, '596'),
(479650709, '939'),
(509795345, '640'),
(515754351, '297'),
(517486586, '438'),
(519191028, '458'),
(521206410, '589'),
(538691169, '544'),
(539186903, '363'),
(584039856, '622'),
(612025923, '921');

-- --------------------------------------------------------

--
-- Структура таблицы `users`
--

CREATE TABLE IF NOT EXISTS `users` (
  `uid` bigint(20) unsigned NOT NULL,
  `name` varchar(20) NOT NULL,
  `phone` varchar(20) NOT NULL
) ENGINE=InnoDB DEFAULT CHARSET=utf8;

--
-- Дамп данных таблицы `users`
--

INSERT INTO `users` (`uid`, `name`, `phone`) VALUES
(30893259, 'MaValKo', ''),
(46516575, 'rozh1k', ''),
(70945821, '', ''),
(71188292, 'fsalaat', ''),
(73603052, 'GaltonG', ''),
(77239735, 'ilyas_zinger', ''),
(88185748, 'MaxKasyanenko', ''),
(100471197, 'skelUA', ''),
(104758395, '', ''),
(128086583, 'MagicInUA', ''),
(130943214, '', ''),
(133474602, 'evgeniywwww', ''),
(144303055, '', ''),
(156736772, 'atmic', ''),
(159687387, '', ''),
(161550030, '', ''),
(162776960, '', ''),
(171028215, '', ''),
(177952832, 'dshleg', ''),
(178125164, '', ''),
(179997515, '', ''),
(184255876, 'Saprophagous', ''),
(184268634, '', ''),
(185668152, 'brnchnk', ''),
(195862704, 'vladimir_lyshenko', ''),
(195900596, '', ''),
(200935432, 'Little_Sumy', ''),
(202293661, 'AlekseyShamray', ''),
(209954128, '', ''),
(214497715, '', ''),
(226069540, '', ''),
(244253364, 'danilov_ev', ''),
(245560779, '', ''),
(248916872, '', ''),
(251934028, '', ''),
(252911662, 'UT7AT', ''),
(276998190, 'spr09', ''),
(277075965, '', ''),
(279707572, 's_barabash', ''),
(288692531, '', ''),
(291427189, 'revenkoeugene', ''),
(302146172, '', ''),
(329126096, '', ''),
(334243378, '', ''),
(341350575, '', ''),
(341471565, '', ''),
(345532983, '', ''),
(349915778, '', ''),
(363383754, '', ''),
(384798978, '', ''),
(387419665, '', ''),
(398836265, '', ''),
(420744418, '', ''),
(421916789, 'alekseykus', ''),
(421949898, '', ''),
(425498251, '', ''),
(439184598, '', ''),
(440380355, 'King_Ivan', ''),
(443644230, '', ''),
(453464853, '', ''),
(458184368, '', ''),
(466546370, '', ''),
(470357316, '', ''),
(478414853, '', ''),
(479650709, 'vadim_kharchenko', ''),
(509795345, '', ''),
(515754351, '', ''),
(517486586, '', ''),
(519191028, '', ''),
(521206410, '', ''),
(538691169, '', ''),
(539186903, '', ''),
(584039856, '', ''),
(612025923, '', '');

--
-- Индексы сохранённых таблиц
--

--
-- Индексы таблицы `numbers`
--
ALTER TABLE `numbers`
  ADD PRIMARY KEY (`internal`),
  ADD UNIQUE KEY `internal` (`internal`,`tg_number`);

--
-- Индексы таблицы `subs`
--
ALTER TABLE `subs`
  ADD UNIQUE KEY `uid` (`uid`,`number`);

--
-- Индексы таблицы `users`
--
ALTER TABLE `users`
  ADD PRIMARY KEY (`uid`);

/*!40101 SET CHARACTER_SET_CLIENT=@OLD_CHARACTER_SET_CLIENT */;
/*!40101 SET CHARACTER_SET_RESULTS=@OLD_CHARACTER_SET_RESULTS */;
/*!40101 SET COLLATION_CONNECTION=@OLD_COLLATION_CONNECTION */;
